[
  {
    "id": "lon-001",
    "cityId": "london",
    "name": "London Kosher Kitchen 1",
    "category": "restaurant",
    "address": "100 Shalom Blvd, London",
    "phone": "+1-555-638-7668",
    "website": "",
    "lat": 51.482027,
    "lng": -0.110482,
    "isVerified": true,
    "isFeatured": true,
    "featuredRank": 1
  },
  {
    "id": "lon-002",
    "cityId": "london",
    "name": "London Shalom Bistro 2",
    "category": "restaurant",
    "address": "101 Olive Street, London",
    "phone": "+1-555-702-8321",
    "website": "",
    "lat": 51.538773,
    "lng": -0.11065,
    "isVerified": false,
    "isFeatured": false,
    "featuredRank": null
  },
  {
    "id": "lon-003",
    "cityId": "london",
    "name": "London Jerusalem Grill 3",
    "category": "restaurant",
    "address": "102 Market Road, London",
    "phone": "+1-555-130-5409",
    "website": "",
    "lat": 51.488771,
    "lng": -0.201263,
    "isVerified": false,
    "isFeatured": false,
    "featuredRank": null
  },
  {
    "id": "lon-004",
    "cityId": "london",
    "name": "London Manna Market 4",
    "category": "grocery",
    "address": "103 Shalom Blvd, London",
    "phone": "+1-555-979-2968",
    "website": "",
    "lat": 51.536878,
    "lng": -0.081861,
    "isVerified": true,
    "isFeatured": true,
    "featuredRank": 2
  },
  {
    "id": "lon-005",
    "cityId": "london",
    "name": "London Kosher Pantry 5",
    "category": "grocery",
    "address": "104 Temple Street, London",
    "phone": "+1-555-442-8771",
    "website": "",
    "lat": 51.493722,
    "lng": -0.189575,
    "isVerified": false,
    "isFeatured": false,
    "featuredRank": null
  },
  {
    "id": "lon-006",
    "cityId": "london",
    "name": "London Tov Foods 6",
    "category": "grocery",
    "address": "105 Union Lane, London",
    "phone": "+1-555-231-9682",
    "website": "",
    "lat": 51.50085,
    "lng": -0.158711,
    "isVerified": false,
    "isFeatured": false,
    "featuredRank": null
  },
  {
    "id": "lon-007",
    "cityId": "london",
    "name": "London Chabad Center 7",
    "category": "chabad",
    "address": "106 Union Lane, London",
    "phone": "+1-555-872-3202",
    "website": "",
    "lat": 51.549583,
    "lng": -0.105759,
    "isVerified": true,
    "isFeatured": true,
    "featuredRank": 3
  },
  {
    "id": "lon-008",
    "cityId": "london",
    "name": "London Beit Chabad 8",
    "category": "chabad",
    "address": "107 Main Ave, London",
    "phone": "+1-555-603-2415",
    "website": "",
    "lat": 51.535009,
    "lng": -0.075211,
    "isVerified": false,
    "isFeatured": false,
    "featuredRank": null
  },
  {
    "id": "lon-009",
    "cityId": "london",
    "name": "London Community Mikveh 9",
    "category": "mikveh",
    "address": "108 Hillel Way, London",
    "phone": "+1-555-788-6019",
    "website": "",
    "lat": 51.453361,
    "lng": -0.049621,
    "isVerified": false,
    "isFeatured": false,
    "featuredRank": null
  },
  {
    "id": "lon-010",
    "cityId": "london",
    "name": "London Beth Mikveh 10",
    "category": "mikveh",
    "address": "109 Cedar Lane, London",
    "phone": "+1-555-772-7450",
    "website": "",
    "lat": 51.459959,
    "lng": -0.054227,
    "isVerified": true,
    "isFeatured": false,
    "featuredRank": null
  },
  {
    "id": "new-001",
    "cityId": "new-york",
    "name": "New York Kosher Kitchen 1",
    "category": "restaurant",
    "address": "100 Cedar Lane, New York",
    "phone": "+1-555-983-8448",
    "website": "",
    "lat": 40.665003,
    "lng": -74.03633,
    "isVerified": true,
    "isFeatured": true,
    "featuredRank": 1
  },
  {
    "id": "new-002",
    "cityId": "new-york",
    "name": "New York Shalom Bistro 2",
    "category": "restaurant",
    "address": "101 Cedar Lane, New York",
    "phone": "+1-555-786-9407",
    "website": "",
    "lat": 40.724333,
    "lng": -73.999111,
    "isVerified": false,
    "isFeatured": false,
    "featuredRank": null
  },
  {
    "id": "new-003",
    "cityId": "new-york",
    "name": "New York Jerusalem Grill 3",
    "category": "restaurant",
    "address": "102 Hillel Way, New York",
    "phone": "+1-555-468-4831",
    "website": "",
    "lat": 40.677214,
    "lng": -74.069963,
    "isVerified": false,
    "isFeatured": false,
    "featuredRank": null
  },
  {
    "id": "new-004",
    "cityId": "new-york",
    "name": "New York Manna Market 4",
    "category": "grocery",
    "address": "103 Hillel Way, New York",
    "phone": "+1-555-904-9126",
    "website": "",
    "lat": 40.677264,
    "lng": -74.018462,
    "isVerified": true,
    "isFeatured": true,
    "featuredRank": 2
  },
  {
    "id": "new-005",
    "cityId": "new-york",
    "name": "New York Kosher Pantry 5",
    "category": "grocery",
    "address": "104 Temple Street, New York",
    "phone": "+1-555-426-8145",
    "website": "",
    "lat": 40.680464,
    "lng": -74.00859,
    "isVerified": false,
    "isFeatured": false,
    "featuredRank": null
  },
  {
    "id": "new-006",
    "cityId": "new-york",
    "name": "New York Tov Foods 6",
    "category": "grocery",
    "address": "105 Temple Street, New York",
    "phone": "+1-555-915-2618",
    "website": "",
    "lat": 40.66096,
    "lng": -73.93995,
    "isVerified": false,
    "isFeatured": false,
    "featuredRank": null
  },
  {
    "id": "new-007",
    "cityId": "new-york",
    "name": "New York Chabad Center 7",
    "category": "chabad",
    "address": "106 Shalom Blvd, New York",
    "phone": "+1-555-715-2072",
    "website": "",
    "lat": 40.756413,
    "lng": -74.015382,
    "isVerified": true,
    "isFeatured": true,
    "featuredRank": 3
  },
  {
    "id": "new-008",
    "cityId": "new-york",
    "name": "New York Beit Chabad 8",
    "category": "chabad",
    "address": "107 Herzl Road, New York",
    "phone": "+1-555-820-4158",
    "website": "",
    "lat": 40.762841,
    "lng": -74.07379,
    "isVerified": false,
    "isFeatured": false,
    "featuredRank": null
  },
  {
    "id": "new-009",
    "cityId": "new-york",
    "name": "New York Community Mikveh 9",
    "category": "mikveh",
    "address": "108 Cedar Lane, New York",
    "phone": "+1-555-651-8504",
    "website": "",
    "lat": 40.767436,
    "lng": -73.965656,
    "isVerified": false,
    "isFeatured": false,
    "featuredRank": null
  },
  {
    "id": "new-010",
    "cityId": "new-york",
    "name": "New York Beth Mikveh 10",
    "category": "mikveh",
    "address": "109 Shalom Blvd, New York",
    "phone": "+1-555-907-2771",
    "website": "",
    "lat": 40.712445,
    "lng": -74.049587,
    "isVerified": true,
    "isFeatured": false,
    "featuredRank": null
  },
  {
    "id": "ber-001",
    "cityId": "berlin",
    "name": "Berlin Kosher Kitchen 1",
    "category": "restaurant",
    "address": "100 Herzl Road, Berlin",
    "phone": "+1-555-430-3158",
    "website": "",
    "lat": 52.548534,
    "lng": 13.351366,
    "isVerified": true,
    "isFeatured": true,
    "featuredRank": 1
  },
  {
    "id": "ber-002",
    "cityId": "berlin",
    "name": "Berlin Shalom Bistro 2",
    "category": "restaurant",
    "address": "101 Shalom Blvd, Berlin",
    "phone": "+1-555-361-7229",
    "website": "",
    "lat": 52.523292,
    "lng": 13.394086,
    "isVerified": false,
    "isFeatured": false,
    "featuredRank": null
  },
  {
    "id": "ber-003",
    "cityId": "berlin",
    "name": "Berlin Jerusalem Grill 3",
    "category": "restaurant",
    "address": "102 Hillel Way, Berlin",
    "phone": "+1-555-221-4193",
    "website": "",
    "lat": 52.531734,
    "lng": 13.367325,
    "isVerified": false,
    "isFeatured": false,
    "featuredRank": null
  },
  {
    "id": "ber-004",
    "cityId": "berlin",
    "name": "Berlin Manna Market 4",
    "category": "grocery",
    "address": "103 Hillel Way, Berlin",
    "phone": "+1-555-782-6604",
    "website": "",
    "lat": 52.502587,
    "lng": 13.366505,
    "isVerified": true,
    "isFeatured": true,
    "featuredRank": 2
  },
  {
    "id": "ber-005",
    "cityId": "berlin",
    "name": "Berlin Kosher Pantry 5",
    "category": "grocery",
    "address": "104 Main Ave, Berlin",
    "phone": "+1-555-718-9794",
    "website": "",
    "lat": 52.500561,
    "lng": 13.412447,
    "isVerified": false,
    "isFeatured": false,
    "featuredRank": null
  },
  {
    "id": "ber-006",
    "cityId": "berlin",
    "name": "Berlin Tov Foods 6",
    "category": "grocery",
    "address": "105 King St, Berlin",
    "phone": "+1-555-182-2126",
    "website": "",
    "lat": 52.511105,
    "lng": 13.328618,
    "isVerified": false,
    "isFeatured": false,
    "featuredRank": null
  },
  {
    "id": "ber-007",
    "cityId": "berlin",
    "name": "Berlin Chabad Center 7",
    "category": "chabad",
    "address": "106 Shalom Blvd, Berlin",
    "phone": "+1-555-354-1812",
    "website": "",
    "lat": 52.519986,
    "lng": 13.434932,
    "isVerified": true,
    "isFeatured": true,
    "featuredRank": 3
  },
  {
    "id": "ber-008",
    "cityId": "berlin",
    "name": "Berlin Beit Chabad 8",
    "category": "chabad",
    "address": "107 Herzl Road, Berlin",
    "phone": "+1-555-866-5422",
    "website": "",
    "lat": 52.578172,
    "lng": 13.476579,
    "isVerified": false,
    "isFeatured": false,
    "featuredRank": null
  },
  {
    "id": "ber-009",
    "cityId": "berlin",
    "name": "Berlin Community Mikveh 9",
    "category": "mikveh",
    "address": "108 Hillel Way, Berlin",
    "phone": "+1-555-621-9071",
    "website": "",
    "lat": 52.576149,
    "lng": 13.406806,
    "isVerified": false,
    "isFeatured": false,
    "featuredRank": null
  },
  {
    "id": "ber-010",
    "cityId": "berlin",
    "name": "Berlin Beth Mikveh 10",
    "category": "mikveh",
    "address": "109 Herzl Road, Berlin",
    "phone": "+1-555-420-3980",
    "website": "",
    "lat": 52.524098,
    "lng": 13.445598,
    "isVerified": true,
    "isFeatured": false,
    "featuredRank": null
  },
  {
    "id": "ath-001",
    "cityId": "athens",
    "name": "Athens Kosher Kitchen 1",
    "category": "restaurant",
    "address": "100 King St, Athens",
    "phone": "+1-555-304-1628",
    "website": "",
    "lat": 37.987354,
    "lng": 23.760025,
    "isVerified": true,
    "isFeatured": true,
    "featuredRank": 1
  },
  {
    "id": "ath-002",
    "cityId": "athens",
    "name": "Athens Shalom Bistro 2",
    "category": "restaurant",
    "address": "101 Main Ave, Athens",
    "phone": "+1-555-982-4449",
    "website": "",
    "lat": 38.007728,
    "lng": 23.696573,
    "isVerified": false,
    "isFeatured": false,
    "featuredRank": null
  },
  {
    "id": "ath-003",
    "cityId": "athens",
    "name": "Athens Jerusalem Grill 3",
    "category": "restaurant",
    "address": "102 Shalom Blvd, Athens",
    "phone": "+1-555-578-8165",
    "website": "",
    "lat": 37.950142,
    "lng": 23.730858,
    "isVerified": false,
    "isFeatured": false,
    "featuredRank": null
  },
  {
    "id": "ath-004",
    "cityId": "athens",
    "name": "Athens Manna Market 4",
    "category": "grocery",
    "address": "103 Main Ave, Athens",
    "phone": "+1-555-423-2457",
    "website": "",
    "lat": 38.027118,
    "lng": 23.687014,
    "isVerified": true,
    "isFeatured": true,
    "featuredRank": 2
  },
  {
    "id": "ath-005",
    "cityId": "athens",
    "name": "Athens Kosher Pantry 5",
    "category": "grocery",
    "address": "104 Main Ave, Athens",
    "phone": "+1-555-780-8614",
    "website": "",
    "lat": 37.931067,
    "lng": 23.676423,
    "isVerified": false,
    "isFeatured": false,
    "featuredRank": null
  },
  {
    "id": "ath-006",
    "cityId": "athens",
    "name": "Athens Tov Foods 6",
    "category": "grocery",
    "address": "105 Hillel Way, Athens",
    "phone": "+1-555-802-1369",
    "website": "",
    "lat": 37.958688,
    "lng": 23.780095,
    "isVerified": false,
    "isFeatured": false,
    "featuredRank": null
  },
  {
    "id": "ath-007",
    "cityId": "athens",
    "name": "Athens Chabad Center 7",
    "category": "chabad",
    "address": "106 Olive Street, Athens",
    "phone": "+1-555-102-5961",
    "website": "",
    "lat": 37.980115,
    "lng": 23.795887,
    "isVerified": true,
    "isFeatured": true,
    "featuredRank": 3
  },
  {
    "id": "ath-008",
    "cityId": "athens",
    "name": "Athens Beit Chabad 8",
    "category": "chabad",
    "address": "107 Market Road, Athens",
    "phone": "+1-555-364-7431",
    "website": "",
    "lat": 37.935104,
    "lng": 23.694631,
    "isVerified": false,
    "isFeatured": false,
    "featuredRank": null
  },
  {
    "id": "ath-009",
    "cityId": "athens",
    "name": "Athens Community Mikveh 9",
    "category": "mikveh",
    "address": "108 Main Ave, Athens",
    "phone": "+1-555-572-6963",
    "website": "",
    "lat": 38.022376,
    "lng": 23.710635,
    "isVerified": false,
    "isFeatured": false,
    "featuredRank": null
  },
  {
    "id": "ath-010",
    "cityId": "athens",
    "name": "Athens Beth Mikveh 10",
    "category": "mikveh",
    "address": "109 King St, Athens",
    "phone": "+1-555-960-1199",
    "website": "",
    "lat": 38.017394,
    "lng": 23.650842,
    "isVerified": true,
    "isFeatured": false,
    "featuredRank": null
  },
  {
    "id": "los-001",
    "cityId": "los-angeles",
    "name": "Los Angeles Kosher Kitchen 1",
    "category": "restaurant",
    "address": "100 Olive Street, Los Angeles",
    "phone": "+1-555-969-4199",
    "website": "",
    "lat": 34.013752,
    "lng": -118.25102,
    "isVerified": true,
    "isFeatured": true,
    "featuredRank": 1
  },
  {
    "id": "los-002",
    "cityId": "los-angeles",
    "name": "Los Angeles Shalom Bistro 2",
    "category": "restaurant",
    "address": "101 Hillel Way, Los Angeles",
    "phone": "+1-555-673-5171",
    "website": "",
    "lat": 34.095107,
    "lng": -118.263922,
    "isVerified": false,
    "isFeatured": false,
    "featuredRank": null
  },
  {
    "id": "los-003",
    "cityId": "los-angeles",
    "name": "Los Angeles Jerusalem Grill 3",
    "category": "restaurant",
    "address": "102 Cedar Lane, Los Angeles",
    "phone": "+1-555-319-1902",
    "website": "",
    "lat": 33.994811,
    "lng": -118.180919,
    "isVerified": false,
    "isFeatured": false,
    "featuredRank": null
  },
  {
    "id": "los-004",
    "cityId": "los-angeles",
    "name": "Los Angeles Manna Market 4",
    "category": "grocery",
    "address": "103 Cedar Lane, Los Angeles",
    "phone": "+1-555-637-7202",
    "website": "",
    "lat": 34.063988,
    "lng": -118.227747,
    "isVerified": true,
    "isFeatured": true,
    "featuredRank": 2
  },
  {
    "id": "los-005",
    "cityId": "los-angeles",
    "name": "Los Angeles Kosher Pantry 5",
    "category": "grocery",
    "address": "104 Market Road, Los Angeles",
    "phone": "+1-555-228-3479",
    "website": "",
    "lat": 34.009484,
    "lng": -118.265487,
    "isVerified": false,
    "isFeatured": false,
    "featuredRank": null
  },
  {
    "id": "los-006",
    "cityId": "los-angeles",
    "name": "Los Angeles Tov Foods 6",
    "category": "grocery",
    "address": "105 Shalom Blvd, Los Angeles",
    "phone": "+1-555-583-5308",
    "website": "",
    "lat": 34.010763,
    "lng": -118.258175,
    "isVerified": false,
    "isFeatured": false,
    "featuredRank": null
  },
  {
    "id": "los-007",
    "cityId": "los-angeles",
    "name": "Los Angeles Chabad Center 7",
    "category": "chabad",
    "address": "106 Cedar Lane, Los Angeles",
    "phone": "+1-555-835-4832",
    "website": "",
    "lat": 34.004348,
    "lng": -118.279167,
    "isVerified": true,
    "isFeatured": true,
    "featuredRank": 3
  },
  {
    "id": "los-008",
    "cityId": "los-angeles",
    "name": "Los Angeles Beit Chabad 8",
    "category": "chabad",
    "address": "107 Shalom Blvd, Los Angeles",
    "phone": "+1-555-894-3985",
    "website": "",
    "lat": 34.005386,
    "lng": -118.308206,
    "isVerified": false,
    "isFeatured": false,
    "featuredRank": null
  },
  {
    "id": "los-009",
    "cityId": "los-angeles",
    "name": "Los Angeles Community Mikveh 9",
    "category": "mikveh",
    "address": "108 King St, Los Angeles",
    "phone": "+1-555-300-9015",
    "website": "",
    "lat": 34.03364,
    "lng": -118.297468,
    "isVerified": false,
    "isFeatured": false,
    "featuredRank": null
  },
  {
    "id": "los-010",
    "cityId": "los-angeles",
    "name": "Los Angeles Beth Mikveh 10",
    "category": "mikveh",
    "address": "109 Main Ave, Los Angeles",
    "phone": "+1-555-496-7522",
    "website": "",
    "lat": 34.012817,
    "lng": -118.311419,
    "isVerified": true,
    "isFeatured": false,
    "featuredRank": null
  },
  {
    "id": "mia-001",
    "cityId": "miami",
    "name": "Miami Kosher Kitchen 1",
    "category": "restaurant",
    "address": "100 Olive Street, Miami",
    "phone": "+1-555-730-4147",
    "website": "",
    "lat": 25.810057,
    "lng": -80.218166,
    "isVerified": true,
    "isFeatured": true,
    "featuredRank": 1
  },
  {
    "id": "mia-002",
    "cityId": "miami",
    "name": "Miami Shalom Bistro 2",
    "category": "restaurant",
    "address": "101 Herzl Road, Miami",
    "phone": "+1-555-940-8669",
    "website": "",
    "lat": 25.812634,
    "lng": -80.136106,
    "isVerified": false,
    "isFeatured": false,
    "featuredRank": null
  },
  {
    "id": "mia-003",
    "cityId": "miami",
    "name": "Miami Jerusalem Grill 3",
    "category": "restaurant",
    "address": "102 Cedar Lane, Miami",
    "phone": "+1-555-738-8222",
    "website": "",
    "lat": 25.758639,
    "lng": -80.216474,
    "isVerified": false,
    "isFeatured": false,
    "featuredRank": null
  },
  {
    "id": "mia-004",
    "cityId": "miami",
    "name": "Miami Manna Market 4",
    "category": "grocery",
    "address": "103 Hillel Way, Miami",
    "phone": "+1-555-774-7945",
    "website": "",
    "lat": 25.765242,
    "lng": -80.254875,
    "isVerified": true,
    "isFeatured": true,
    "featuredRank": 2
  },
  {
    "id": "mia-005",
    "cityId": "miami",
    "name": "Miami Kosher Pantry 5",
    "category": "grocery",
    "address": "104 King St, Miami",
    "phone": "+1-555-706-7134",
    "website": "",
    "lat": 25.772707,
    "lng": -80.180923,
    "isVerified": false,
    "isFeatured": false,
    "featuredRank": null
  },
  {
    "id": "mia-006",
    "cityId": "miami",
    "name": "Miami Tov Foods 6",
    "category": "grocery",
    "address": "105 Shalom Blvd, Miami",
    "phone": "+1-555-641-4379",
    "website": "",
    "lat": 25.784595,
    "lng": -80.240299,
    "isVerified": false,
    "isFeatured": false,
    "featuredRank": null
  },
  {
    "id": "mia-007",
    "cityId": "miami",
    "name": "Miami Chabad Center 7",
    "category": "chabad",
    "address": "106 Market Road, Miami",
    "phone": "+1-555-241-2111",
    "website": "",
    "lat": 25.812011,
    "lng": -80.188952,
    "isVerified": true,
    "isFeatured": true,
    "featuredRank": 3
  },
  {
    "id": "mia-008",
    "cityId": "miami",
    "name": "Miami Beit Chabad 8",
    "category": "chabad",
    "address": "107 Union Lane, Miami",
    "phone": "+1-555-472-8707",
    "website": "",
    "lat": 25.803113,
    "lng": -80.18696,
    "isVerified": false,
    "isFeatured": false,
    "featuredRank": null
  },
  {
    "id": "mia-009",
    "cityId": "miami",
    "name": "Miami Community Mikveh 9",
    "category": "mikveh",
    "address": "108 King St, Miami",
    "phone": "+1-555-845-5533",
    "website": "",
    "lat": 25.711858,
    "lng": -80.156268,
    "isVerified": false,
    "isFeatured": false,
    "featuredRank": null
  },
  {
    "id": "mia-010",
    "cityId": "miami",
    "name": "Miami Beth Mikveh 10",
    "category": "mikveh",
    "address": "109 Main Ave, Miami",
    "phone": "+1-555-753-2089",
    "website": "",
    "lat": 25.772993,
    "lng": -80.157694,
    "isVerified": true,
    "isFeatured": false,
    "featuredRank": null
  },
  {
    "id": "rom-001",
    "cityId": "rome",
    "name": "Rome Kosher Kitchen 1",
    "category": "restaurant",
    "address": "100 Herzl Road, Rome",
    "phone": "+1-555-915-1689",
    "website": "",
    "lat": 41.871604,
    "lng": 12.450363,
    "isVerified": true,
    "isFeatured": true,
    "featuredRank": 1
  },
  {
    "id": "rom-002",
    "cityId": "rome",
    "name": "Rome Shalom Bistro 2",
    "category": "restaurant",
    "address": "101 Shalom Blvd, Rome",
    "phone": "+1-555-597-5030",
    "website": "",
    "lat": 41.916744,
    "lng": 12.486204,
    "isVerified": false,
    "isFeatured": false,
    "featuredRank": null
  },
  {
    "id": "rom-003",
    "cityId": "rome",
    "name": "Rome Jerusalem Grill 3",
    "category": "restaurant",
    "address": "102 Temple Street, Rome",
    "phone": "+1-555-730-3567",
    "website": "",
    "lat": 41.901049,
    "lng": 12.462497,
    "isVerified": false,
    "isFeatured": false,
    "featuredRank": null
  },
  {
    "id": "rom-004",
    "cityId": "rome",
    "name": "Rome Manna Market 4",
    "category": "grocery",
    "address": "103 Union Lane, Rome",
    "phone": "+1-555-223-9704",
    "website": "",
    "lat": 41.858653,
    "lng": 12.449164,
    "isVerified": true,
    "isFeatured": true,
    "featuredRank": 2
  },
  {
    "id": "rom-005",
    "cityId": "rome",
    "name": "Rome Kosher Pantry 5",
    "category": "grocery",
    "address": "104 King St, Rome",
    "phone": "+1-555-500-6725",
    "website": "",
    "lat": 41.942801,
    "lng": 12.512218,
    "isVerified": false,
    "isFeatured": false,
    "featuredRank": null
  },
  {
    "id": "rom-006",
    "cityId": "rome",
    "name": "Rome Tov Foods 6",
    "category": "grocery",
    "address": "105 Hillel Way, Rome",
    "phone": "+1-555-793-5540",
    "website": "",
    "lat": 41.845122,
    "lng": 12.430956,
    "isVerified": false,
    "isFeatured": false,
    "featuredRank": null
  },
  {
    "id": "rom-007",
    "cityId": "rome",
    "name": "Rome Chabad Center 7",
    "category": "chabad",
    "address": "106 King St, Rome",
    "phone": "+1-555-801-1965",
    "website": "",
    "lat": 41.872134,
    "lng": 12.440377,
    "isVerified": true,
    "isFeatured": true,
    "featuredRank": 3
  },
  {
    "id": "rom-008",
    "cityId": "rome",
    "name": "Rome Beit Chabad 8",
    "category": "chabad",
    "address": "107 Herzl Road, Rome",
    "phone": "+1-555-619-5264",
    "website": "",
    "lat": 41.868713,
    "lng": 12.568615,
    "isVerified": false,
    "isFeatured": false,
    "featuredRank": null
  },
  {
    "id": "rom-009",
    "cityId": "rome",
    "name": "Rome Community Mikveh 9",
    "category": "mikveh",
    "address": "108 Shalom Blvd, Rome",
    "phone": "+1-555-791-8025",
    "website": "",
    "lat": 41.887442,
    "lng": 12.523147,
    "isVerified": false,
    "isFeatured": false,
    "featuredRank": null
  },
  {
    "id": "rom-010",
    "cityId": "rome",
    "name": "Rome Beth Mikveh 10",
    "category": "mikveh",
    "address": "109 Herzl Road, Rome",
    "phone": "+1-555-163-3363",
    "website": "",
    "lat": 41.943564,
    "lng": 12.5571,
    "isVerified": true,
    "isFeatured": false,
    "featuredRank": null
  },
  {
    "id": "par-001",
    "cityId": "paris",
    "name": "Paris Kosher Kitchen 1",
    "category": "restaurant",
    "address": "100 Hillel Way, Paris",
    "phone": "+1-555-768-3200",
    "website": "",
    "lat": 48.911582,
    "lng": 2.33081,
    "isVerified": true,
    "isFeatured": true,
    "featuredRank": 1
  },
  {
    "id": "par-002",
    "cityId": "paris",
    "name": "Paris Shalom Bistro 2",
    "category": "restaurant",
    "address": "101 Temple Street, Paris",
    "phone": "+1-555-414-8763",
    "website": "",
    "lat": 48.870634,
    "lng": 2.379308,
    "isVerified": false,
    "isFeatured": false,
    "featuredRank": null
  },
  {
    "id": "par-003",
    "cityId": "paris",
    "name": "Paris Jerusalem Grill 3",
    "category": "restaurant",
    "address": "102 Shalom Blvd, Paris",
    "phone": "+1-555-940-2421",
    "website": "",
    "lat": 48.823021,
    "lng": 2.275102,
    "isVerified": false,
    "isFeatured": false,
    "featuredRank": null
  },
  {
    "id": "par-004",
    "cityId": "paris",
    "name": "Paris Manna Market 4",
    "category": "grocery",
    "address": "103 Cedar Lane, Paris",
    "phone": "+1-555-303-5064",
    "website": "",
    "lat": 48.857685,
    "lng": 2.363184,
    "isVerified": true,
    "isFeatured": true,
    "featuredRank": 2
  },
  {
    "id": "par-005",
    "cityId": "paris",
    "name": "Paris Kosher Pantry 5",
    "category": "grocery",
    "address": "104 King St, Paris",
    "phone": "+1-555-471-5571",
    "website": "",
    "lat": 48.866246,
    "lng": 2.281572,
    "isVerified": false,
    "isFeatured": false,
    "featuredRank": null
  },
  {
    "id": "par-006",
    "cityId": "paris",
    "name": "Paris Tov Foods 6",
    "category": "grocery",
    "address": "105 Market Road, Paris",
    "phone": "+1-555-223-5848",
    "website": "",
    "lat": 48.848697,
    "lng": 2.389612,
    "isVerified": false,
    "isFeatured": false,
    "featuredRank": null
  },
  {
    "id": "par-007",
    "cityId": "paris",
    "name": "Paris Chabad Center 7",
    "category": "chabad",
    "address": "106 Union Lane, Paris",
    "phone": "+1-555-913-9129",
    "website": "",
    "lat": 48.905878,
    "lng": 2.372031,
    "isVerified": true,
    "isFeatured": true,
    "featuredRank": 3
  },
  {
    "id": "par-008",
    "cityId": "paris",
    "name": "Paris Beit Chabad 8",
    "category": "chabad",
    "address": "107 Union Lane, Paris",
    "phone": "+1-555-521-6459",
    "website": "",
    "lat": 48.816987,
    "lng": 2.422217,
    "isVerified": false,
    "isFeatured": false,
    "featuredRank": null
  },
  {
    "id": "par-009",
    "cityId": "paris",
    "name": "Paris Community Mikveh 9",
    "category": "mikveh",
    "address": "108 Herzl Road, Paris",
    "phone": "+1-555-803-2705",
    "website": "",
    "lat": 48.906177,
    "lng": 2.313038,
    "isVerified": false,
    "isFeatured": false,
    "featuredRank": null
  },
  {
    "id": "par-010",
    "cityId": "paris",
    "name": "Paris Beth Mikveh 10",
    "category": "mikveh",
    "address": "109 Herzl Road, Paris",
    "phone": "+1-555-443-5883",
    "website": "",
    "lat": 48.899843,
    "lng": 2.349364,
    "isVerified": true,
    "isFeatured": false,
    "featuredRank": null
  }
]
